{"replay_ui.prefab":"prefab","lxhf-zi-bg.png":"texture","mj-fhui-btn.png":"texture","mj-bfang-btn.png":"texture","mj-zting-btn.png":"texture","mj-kj-btn.png":"texture","wenquan.TTF":"ttf-font","mj-ysu-btn.png":"texture","mj-jsu-btn.png":"texture","mj-bfang-di.png":"texture","hlmj_replay_ui.js":"javascript","base_mj_replay_ui.js":"javascript","com_replay_data.js":"javascript","AppConfig.js":"javascript","Platform.js":"javascript","jlmj_room_mgr.js":"javascript","EventDispatcher.js":"javascript","Define.js":"javascript","jlmj_player_mgr.js":"javascript","jlmj_player_data.js":"javascript","jlmj_baipai_data.js":"javascript","jlmj_pai3d_value.js":"javascript","jlmj_pai_analysts.js":"javascript","jlmj_gang_pai_type.js":"javascript","gangList.js":"javascript","jlmj_desk_data.js":"javascript","jlmj_jiesan_data.js":"javascript","jlmj_userPlayer_data.js":"javascript","jlmj_jiaopai.js":"javascript","tdk_coin_player_data.js":"javascript","game_room.js":"javascript","tdk_coin_desk_data.js":"javascript","ccmj_player_mgr.js":"javascript","ccmj_player_data.js":"javascript","ccmj_desk_data.js":"javascript","ccmj_jiesan_data.js":"javascript","ccmj_userPlayer_data.js":"javascript","ccmj_pai_analysts.js":"javascript","sdy_player_mgr.js":"javascript","sdy_player_data.js":"javascript","sdy_room_data.js":"javascript","sdy_card_cfg.js":"javascript","sdy_userPlayer_data.js":"javascript","ddz_data.js":"javascript","hall_common_data.js":"javascript","AudioChat.js":"javascript","CheckSumBuilder.js":"javascript","GateNet.js":"javascript","Net.js":"javascript","DingRobot.js":"javascript","aes.js":"javascript","com_user_data.js":"javascript","spark-md5.js":"javascript","c_msg_login_func.js":"javascript","jlmj_net_handler_login.js":"javascript","jlmj_halldata.js":"javascript","jlmj_login_data.js":"javascript","com_wx_data.js":"javascript","LoginModule.js":"javascript","HallSendMsgCenter.js":"javascript","md5.js":"javascript","c_msg_hall_func.js":"javascript","jlmj_net_handler_hall.js":"javascript","hall_prop_data.js":"javascript","item.js":"javascript","FortuneHallManager.js":"javascript","jlmj_prefab_cfg.js":"javascript","hall_prefab_cfg.js":"javascript","bsc_data.js":"javascript","jlmj_strConfig.js":"javascript","klb_hall_RoomData.js":"javascript","klb_hall_RoomItemData.js":"javascript","c_msg_room_mgr_func.js":"javascript","jlmj_net_handler_roomMgr.js":"javascript","jlmj_chat_data.js":"javascript","jlmj_net_msg_sender_club.js":"javascript","klb_Club_ClubMgr.js":"javascript","klb_friend_group_enum.js":"javascript","nn_data.js":"javascript","nn_mgr.js":"javascript","nn_audio_cfg.js":"javascript","AudioManager.js":"javascript","AudioDefine.js":"javascript","brnn_data.js":"javascript","paoyao_data.js":"javascript","paoyao_type.js":"javascript","Utils.js":"javascript","namj_desk_data.js":"javascript","namj_jiesan_data.js":"javascript","namj_player_mgr.js":"javascript","namj_player_data.js":"javascript","namj_userPlayer_data.js":"javascript","sensitive.js":"javascript","klb_share.js":"javascript","paoyao_util.js":"javascript","dsz_player_mgr.js":"javascript","sh_data.js":"javascript","net_handler_gdy.js":"javascript","gdy_game_data.js":"javascript","hbslData.js":"javascript","jlmj_net_handler_ddz.js":"javascript","updaterMgr.js":"javascript","Updater.js":"javascript","game_update.js":"javascript","net_handler_pdk.js":"javascript","pdk_data.js":"javascript","jlmj_net_handler_tdk.js":"javascript","tdk_operation_data.js":"javascript","net_handler_douniu.js":"javascript","net_handler_paoyao.js":"javascript","net_handler_dsz.js":"javascript","dsz_desk_data.js":"javascript","dsz_config.js":"javascript","pin3.js":"javascript","net_handler_suoha.js":"javascript","net_hadler_hbsl.js":"javascript","net_handler_new_dsz.js":"javascript","new_dsz_desk.js":"javascript","yq_pin3.js":"javascript","new_dsz_player_manager.js":"javascript","cdmj_net_handler_cdmj.js":"javascript","cdmj_desk_data.js":"javascript","new_mj_desk_data.js":"javascript","newMjComponentValue.js":"javascript","jlmj_gm_paiku.js":"javascript","fxmj_userPlayer_data.js":"javascript","fxmj_player_data.js":"javascript","fxmj_desk_data.js":"javascript","fxmj_jiesan_data.js":"javascript","fxmj_player_mgr.js":"javascript","fxmj_pai_analysts.js":"javascript","symj_userPlayer_data.js":"javascript","symj_player_data.js":"javascript","symj_desk_data.js":"javascript","symj_jiesan_data.js":"javascript","symj_player_mgr.js":"javascript","symj_pai_analysts.js":"javascript","scmj_userPlayer_data.js":"javascript","scmj_player_data.js":"javascript","scmj_desk_data.js":"javascript","scmj_jiesan_data.js":"javascript","scmj_player_mgr.js":"javascript","scmj_pai_analysts.js":"javascript","shmj_userPlayer_data.js":"javascript","shmj_player_data.js":"javascript","shmj_desk_data.js":"javascript","shmj_jiesan_data.js":"javascript","shmj_player_mgr.js":"javascript","shmj_pai_analysts.js":"javascript","jzmj_userPlayer_data.js":"javascript","jzmj_player_data.js":"javascript","jzmj_desk_data.js":"javascript","jzmj_jiesan_data.js":"javascript","jzmj_player_mgr.js":"javascript","jzmj_pai_analysts.js":"javascript","jzmj_gangList.js":"javascript","hsmj_userPlayer_data.js":"javascript","hsmj_player_data.js":"javascript","hsmj_desk_data.js":"javascript","hsmj_jiesan_data.js":"javascript","hsmj_player_mgr.js":"javascript","hsmj_pai_analysts.js":"javascript","tdhmj_userPlayer_data.js":"javascript","tdhmj_player_data.js":"javascript","tdhmj_desk_data.js":"javascript","tdhmj_jiesan_data.js":"javascript","tdhmj_player_mgr.js":"javascript","tdhmj_pai_analysts.js":"javascript","cfmj_userPlayer_data.js":"javascript","cfmj_player_data.js":"javascript","cfmj_desk_data.js":"javascript","cfmj_jiesan_data.js":"javascript","cfmj_player_mgr.js":"javascript","ahmj_userPlayer_data.js":"javascript","ahmj_player_data.js":"javascript","ahmj_desk_data.js":"javascript","ahmj_jiesan_data.js":"javascript","ahmj_player_mgr.js":"javascript","fzmj_userPlayer_data.js":"javascript","fzmj_player_data.js":"javascript","base_mj_player_data.js":"javascript","mjComponentValue.js":"javascript","wdmj_userPlayer_data.js":"javascript","wdmj_player_data.js":"javascript","pzmj_userPlayer_data.js":"javascript","pzmj_player_data.js":"javascript","bcmj_userPlayer_data.js":"javascript","bcmj_player_data.js":"javascript","bcmj_desk_data.js":"javascript","base_mj_desk_data.js":"javascript","jlmj_define.js":"javascript","acmj_userPlayer_data.js":"javascript","acmj_player_data.js":"javascript","hlmj_userPlayer_data.js":"javascript","hlmj_player_data.js":"javascript","jsmj_userPlayer_data.js":"javascript","jsmj_player_data.js":"javascript","fhmj_userPlayer_data.js":"javascript","fhmj_player_data.js":"javascript","fhmj_desk_data.js":"javascript","cdmj_userPlayer_data.js":"javascript","cdmj_player_data.js":"javascript","new_mj_player_data.js":"javascript","cdmj_player_mgr.js":"javascript","new_mj_player_mgr.js":"javascript","klb_gameList.js":"javascript","c_msg_club_func.js":"javascript","jlmj_net_handler_club.js":"javascript","c_msg_bisai_func.js":"javascript","jlmj_net_handler_bsc.js":"javascript","c_msg_doudizhu_func.js":"javascript","c_msg_common_func.js":"javascript","c_msg_tiandakeng_func.js":"javascript","c_msg_baoxianxiang_coin_func.js":"javascript","jlmj_net_handler_coinbank.js":"javascript","c_msg_rank_func.js":"javascript","net_handler_rank.js":"javascript","hall_task.js":"javascript","welfareBag.js":"javascript","reward.js":"javascript","hall_vip.js":"javascript","vip.js":"javascript","hall_shop.js":"javascript","c_msg_zhajinhua_func.js":"javascript","jlmj_net_handler_zjh.js":"javascript","ZjhManager.js":"javascript","zhajinhuaRoom.js":"javascript","c_msg_sdy_func.js":"javascript","net_handler_sdy.js":"javascript","sdy_text_cfg.js":"javascript","sdy_audio_cfg.js":"javascript","c_msg_douniu_func.js":"javascript","c_msg_slot_func.js":"javascript","net_handler_slot.js":"javascript","SlotManger.js":"javascript","slotcard.js":"javascript","slotline.js":"javascript","slotrun.js":"javascript","slotroom.js":"javascript","SlotType.js":"javascript","gameyj_slot_sender.js":"javascript","TinyGameManger.js":"javascript","TinyGameType.js":"javascript","mammonTinyGameManger.js":"javascript","c_msg_fkps_func.js":"javascript","net_handler_brnn.js":"javascript","c_msg_activity_collect_func.js":"javascript","c_msg_paoyao_func.js":"javascript","c_msg_match_func.js":"javascript","jlmj_net_handler_match.js":"javascript","wdmj_desk_data.js":"javascript","birds_and_animals_data.js":"javascript","fqzs.js":"javascript","birds_and_animals_config.js":"javascript","pk_data_mgr.js":"javascript","FishPlayerManager.js":"javascript","westward_journey_data_mannager.js":"javascript","westward_Journey_Config.js":"javascript","xiyou.js":"javascript","lucky_turntable_data.js":"javascript","lucky_turntable_config.js":"javascript","lucky_turntable.js":"javascript","horse_racing_Data.js":"javascript","horse_racing_Config.js":"javascript","horse.js":"javascript","c_msg_baoxianxiang_func.js":"javascript","jlmj_net_handler_bank.js":"javascript","c_msg_jilinmajiang_func.js":"javascript","jlmj_net_handler_jlmj.js":"javascript","c_msg_changchunmajiang_func.js":"javascript","ccmj_net_handler_ccmj.js":"javascript","c_msg_nonganmajiang_func.js":"javascript","namj_net_handler_namj.js":"javascript","c_msg_fuxinmajiang_func.js":"javascript","fxmj_net_handler_fxmj.js":"javascript","c_msg_songyuanmajiang_func.js":"javascript","symj_net_handler_symj.js":"javascript","c_msg_xuezhanmj_func.js":"javascript","scmj_net_handler_scmj.js":"javascript","c_msg_suihuamj_func.js":"javascript","shmj_net_handler_shmj.js":"javascript","c_msg_jinzhoumj_func.js":"javascript","jzmj_net_handler_jzmj.js":"javascript","c_msg_heishanmj_func.js":"javascript","hsmj_net_handler_hsmj.js":"javascript","c_msg_neimenggumj_func.js":"javascript","tdhmj_net_handler_tdhmj.js":"javascript","c_msg_chifengmj_func.js":"javascript","cfmj_net_handler_cfmj.js":"javascript","nmmj_prefab_cfg.js":"javascript","c_msg_aohanmj_func.js":"javascript","ahmj_net_handler_ahmj.js":"javascript","c_msg_fangzhengmj_func.js":"javascript","fzmj_net_handler_fzmj.js":"javascript","base_mj_net_handler_base_mj.js":"javascript","mjConfigValue.js":"javascript","c_msg_wudanmj_func.js":"javascript","wdmj_net_handler_wdmj.js":"javascript","c_msg_mjcommon_func.js":"javascript","c_msg_chengdumj_func.js":"javascript","c_msg_pin3_func.js":"javascript","c_msg_suoha_func.js":"javascript","c_msg_hb_func.js":"javascript","c_msg_pk_func.js":"javascript","net_handler_pk.js":"javascript","c_msg_yq_pin3_func.js":"javascript","c_msg_gandengyan_func.js":"javascript","c_msg_fqzs_func.js":"javascript","net_handler_fqzs.js":"javascript","c_msg_fish_func.js":"javascript","net_handler_fish.js":"javascript","FishManager.js":"javascript","BulletNode.js":"javascript","FishTypeCfg.js":"javascript","FishNode.js":"javascript","fishtype.js":"javascript","fishpath.js":"javascript","FishMoveAction.js":"javascript","fishroom.js":"javascript","gameyj_fish_sender.js":"javascript","fisharraymin.js":"javascript","c_msg_qka_fish_master_func.js":"javascript","net_handler_fish_doyen.js":"javascript","FishDoyenManager.js":"javascript","DoyenBulletNode.js":"javascript","DoyenFishType.js":"javascript","FishDoyenPlayerManager.js":"javascript","FishDoyenNode.js":"javascript","qka_fish_master_type.js":"javascript","qka_fish_master_path.js":"javascript","shaderUtils.js":"javascript","qka_fish_master_room.js":"javascript","gameyj_fish_doyen_sender.js":"javascript","qka_fish_master_arraymin.js":"javascript","qka_fish_master_audio.js":"javascript","c_msg_game_rule_func.js":"javascript","c_msg_paodekuai_func.js":"javascript","c_msg_xiyou_func.js":"javascript","net_handler_westward_journey.js":"javascript","c_msg_turn_func.js":"javascript","net_handler_turntable.js":"javascript","c_msg_br_tb_func.js":"javascript","net_handler_twoeight.js":"javascript","twoeight_data.js":"javascript","c_msg_horse_func.js":"javascript","net_handler_horse_racing.js":"javascript","c_msg_mouse_func.js":"javascript","net_handler_mouse.js":"javascript","mouse_hit_Data.js":"javascript","net_sender_mouse.js":"javascript","mouse_task.js":"javascript","fzmj_player_mgr.js":"javascript","base_mj_player_mgr.js":"javascript","wdmj_player_mgr.js":"javascript","pzmj_player_mgr.js":"javascript","bcmj_player_mgr.js":"javascript","acmj_player_mgr.js":"javascript","hlmj_player_mgr.js":"javascript","jsmj_player_mgr.js":"javascript","fhmj_player_mgr.js":"javascript","ccmj_net_handler_ccmj_jbc.js":"javascript","ccmj_desk_data_jbc.js":"javascript","jlmj_desk_jbc_data.js":"javascript","jlmj_net_handler_jlmj_jbc.js":"javascript","namj_net_handler_namj_jbc.js":"javascript","namj_desk_data_jbc.js":"javascript","fxmj_net_handler_fxmj_jbc.js":"javascript","fxmj_desk_data_jbc.js":"javascript","symj_net_handler_symj_jbc.js":"javascript","symj_desk_data_jbc.js":"javascript","jzmj_net_handler_jzmj_jbc.js":"javascript","jzmj_desk_data_jbc.js":"javascript","hsmj_net_handler_hsmj_jbc.js":"javascript","hsmj_desk_data_jbc.js":"javascript","scmj_net_handler_scmj_jbc.js":"javascript","scmj_desk_data_jbc.js":"javascript","shmj_net_handler_shmj_jbc.js":"javascript","shmj_desk_data_jbc.js":"javascript","tdhmj_net_handler_tdhmj_jbc.js":"javascript","tdhmj_desk_data_jbc.js":"javascript","cfmj_net_handler_cfmj_jbc.js":"javascript","cfmj_desk_data_jbc.js":"javascript","ahmj_net_handler_ahmj_jbc.js":"javascript","ahmj_desk_data_jbc.js":"javascript","pzmj_net_handler_pzmj.js":"javascript","bcmj_net_handler_bcmj.js":"javascript","acmj_net_handler_acmj.js":"javascript","hlmj_net_handler_hlmj.js":"javascript","jsmj_net_handler_jsmj.js":"javascript","fhmj_net_handler_fhmj.js":"javascript","cdmj_net_handler_cdmj_jbc.js":"javascript","cdmj_desk_data_jbc.js":"javascript","new_mj_desk_data_jbc.js":"javascript","ccmj_handler_ccmj_replay.js":"javascript","jlmj_handler_jlmj_replay.js":"javascript","namj_handler_namj_replay.js":"javascript","fxmj_handler_fxmj_replay.js":"javascript","symj_handler_symj_replay.js":"javascript","jzmj_handler_jzmj_replay.js":"javascript","hsmj_handler_hsmj_replay.js":"javascript","tdk_handler_tdk_replay.js":"javascript","scmj_handler_scmj_replay.js":"javascript","shmj_handler_shmj_replay.js":"javascript","tdhmj_handler_tdhmj_replay.js":"javascript","cfmj_handler_cfmj_replay.js":"javascript","ahmj_handler_ahmj_replay.js":"javascript","cdmj_handler_cdmj_replay.js":"javascript","hbsl_handler_hbsl_replay.js":"javascript","klb_friend_group_prefab_cfg.js":"javascript","c_msg_mjcommon_cmd.js":"javascript","jlmj_msg_time_cfg.js":"javascript","c_msg_jilinmajiang_cmd.js":"javascript","com_sys_data.js":"javascript"}